{
    "mean": [
        0.0018658855435862293,
        -0.0004633048373514722,
        -0.005775776490355131,
        0.9990095020682597,
        -0.0017561786744443887,
        -0.011112397917618647,
        0.0017368205938535304,
        0.9991114929010945,
        -0.0015966804092067397,
        0.3206120323227416
    ],
    "std": [
        0.017705437089762868,
        0.015023000085674467,
        0.022390547601425975,
        0.0016884816660644212,
        0.03667085831078529,
        0.02249094054872613,
        0.03666270707747982,
        0.0016625069085602101,
        0.020584965370789347,
        0.39373144413066835
    ],
    "min": [
        -0.08351802768208126,
        -0.09286918989588436,
        -0.0974896104123179,
        0.9762226110411061,
        -0.20557707280769938,
        -0.18528218080238992,
        -0.20967449517216172,
        0.9700529062278509,
        -0.13253146111278583,
        0.0
    ],
    "max": [
        0.06972752516397329,
        0.08494436480837907,
        0.06694243610285723,
        0.9999999999996414,
        0.21373549111984214,
        0.18160951455188834,
        0.20589879749825962,
        0.9999999999999646,
        0.13572613276973391,
        1.0
    ]
}